Date,SampleId,Sequence
2025-07-01,1,ATGCGTAC
2025-07-01,2,GTCAGT
2025-07-01,3,TTCGATCG
2025-07-02,1,CGTA
2025-07-02,2,ATGCGT
2025-07-03,3,GTCAGTCA
2025-07-03,4,TTCGA
2025-07-04,1,ATGCGTAC
2025-07-04,2,CGTACG
2025-07-05,5,ATGCGTAC
2025-07-05,1,ATGCG
2025-07-06,2,GTCAGTCA
2025-07-06,3,TTCGATCG
2025-07-07,4,ATGCGTAC
2025-07-08,5,TTCGA
2025-07-09,1,CGTACGTA
2025-07-09,2,CGTA
2025-07-10,3,TTCGATCG
2025-07-11,4,ATGCGTA
2025-07-12,5,GTCAGTCA
2025-07-13,1,TTCGAT
2025-07-14,2,CGTACGT
2025-07-15,3,ATGCGTAC
2025-07-16,4,TTCG
2025-07-17,5,CGTACGTA